Product Name,Type,Status,Human/Skill Needed,Website Type,Images/Content Needed,Content List,Location
Healthcare AI Agency,Agency Package,Complete,None,N/A,No,N/A,agency-services/healthcare-ai-agency/
Real Estate AI Agency,Agency Package,Complete,None,N/A,No,N/A,agency-services/real-estate-ai-agency/
Ecommerce Growth Accelerator,Agency Package,Complete,None,N/A,No,N/A,agency-services/ecommerce-growth-accelerator/
AI Influencer Agency,Agency Package,Complete,None,N/A,No,N/A,agency-services/ai-influencer-agency/
Infinite Walk Ep. 012 (Amazon),Audio/Essay Series,Complete,AI images,Podcast/YouTube,Yes,"Essay, audio, prompts, guide, social",content-creative/episode-012-amazon/
Subscription Box Platform,SaaS Platform,Complete,None,Static Site,No,Full SaaS spec,platforms-apps/subscription-box-platform/
Review Management SaaS,SaaS Platform,Complete,None,Static Site,No,Full SaaS spec,platforms-apps/review-management-saas/
AI Chatbot Builder,SaaS Platform,Complete,None,Static Site,No,Full SaaS spec,platforms-apps/ai-chatbot-builder-saas/
Link-in-Bio Platform,SaaS Platform,Complete,None,Static Site,No,Full SaaS spec,platforms-apps/link-in-bio-saas/
Appointment Booking SaaS,SaaS Platform,Complete,None,Static Site,No,Full SaaS spec,platforms-apps/appointment-booking-saas/
Form Builder SaaS,SaaS Platform,Complete,None,Static Site,No,Full SaaS spec,platforms-apps/form-builder-saas/
Course/Membership Platform,SaaS Platform,Complete,None,Static Site,No,Full SaaS spec,platforms-apps/course-membership-saas/
Authority Site Blueprint,Digital Course,Complete,None,Static Site,No,Research + blueprints,digital-products/authority-site-blueprint/
Authority Site Network,Digital Course,Complete,None,Static Site,No,Research + deployment guides,digital-products/authority-site-network/
Sustainability Consulting,Agency Package,Complete,None,N/A,No,N/A,agency-services/sustainability-agency/
Voice AI Agency,Agency Package,Complete,None,N/A,No,N/A,agency-services/voice-ai-agency/
Metaverse Agency,Agency Package,Complete,None,N/A,No,N/A,agency-services/metaverse-agency/
AI Automation Agency,Agency Package,Complete,None,N/A,No,N/A,agency-services/ai-automation-agency/
Blockchain Dev Agency,Agency Package,Complete,None,N/A,No,N/A,agency-services/blockchain-dev-agency/
Cybersecurity Service,Agency Package,Complete,None,N/A,No,N/A,agency-services/cybersecurity-service/
YouTube Agency,Agency Package,Complete,None,N/A,No,N/A,agency-services/youtube-agency/
SEO Agency,Agency Package,Complete,None,N/A,No,N/A,agency-services/seo-agency/
Virtual Events Agency,Agency Package,Complete,None,N/A,No,N/A,agency-services/virtual-events-agency/
Ecommerce Service,Agency Package,Complete,None,N/A,No,N/A,agency-services/ecommerce-service/
Local SEO Services,Agency Package,Complete,None,N/A,No,N/A,agency-services/local-seo-services/
Social Media Service,Agency Package,Complete,None,N/A,No,N/A,agency-services/social-media-service/
Email Marketing Services,Agency Package,Complete,None,N/A,No,N/A,agency-services/email-marketing-services/
Content Strategy Service,Agency Package,Complete,None,N/A,No,N/A,agency-services/content-strategy-service/
Brand Identity Service,Agency Package,Complete,None,N/A,No,N/A,agency-services/brand-identity-service/
Webinar Funnel Service,Agency Package,Complete,None,N/A,No,N/A,agency-services/webinar-funnel-service/
LinkedIn Ghostwriting,Agency Package,Complete,None,N/A,No,N/A,agency-services/linkedin-ghostwriting-kit/
Coaching Business,Agency Package,Complete,None,N/A,No,N/A,agency-services/coaching-business/
Course Academy,Agency Package,Complete,None,N/A,No,N/A,agency-services/course-academy/
GEO SEO Launch Kit,Agency Package,Complete,None,Landing page,No,N/A,agency-services/geo-seo-launch-kit/
CV Templates (Etsy),Digital Download,Complete,Canva mockups,Etsy shop,Yes (mockups),"15 CV templates, mockups, listings",digital-products/cv-etsy-project/
Notion Templates,Digital Download,Complete,None,Gumroad,No,"5 templates (CEO OS, Content Creator, Sales CRM, Project Tracker, Finance)",digital-products/notion-templates/
Digital Products Bundle,Bundle,Complete,None,Gumroad,Yes (product images),"10+ products (prompts, Canva, Excel, courses)",digital-products/digital-products/
Etsy Launch Kit,Digital Course,Complete,None,Etsy/Gumroad,No,"Shop setup, listings, SEO, launch calendar",digital-products/etsy-launch-kit/
Newsletter Business,Digital Course,Complete,None,Substack/Gumroad,No,"Niche selection, setup, growth, monetization",digital-products/newsletter-business-package/
Infinite Walk Ep. 001 (Danakil),Audio/Essay Series,Complete,AI images,Podcast/YouTube,Yes (55 prompts),"Essay, audio script, image prompts, travel guide, social",content-creative/episode-001-danakil/
Infinite Walk Ep. 002 (Namib),Audio/Essay Series,Complete,AI images,Podcast/YouTube,Yes,"Essay, audio, prompts, guide, social",content-creative/episode-002-namib/
Infinite Walk Ep. 003 (Lake Natron),Audio/Essay Series,Complete,AI images,Podcast/YouTube,Yes,"Essay, audio, prompts, guide, social",content-creative/episode-003-lake-natron/
Infinite Walk Ep. 004 (Socotra),Audio/Essay Series,Complete,AI images,Podcast/YouTube,Yes,"Essay, audio, prompts, guide, social",content-creative/episode-004-socotra/
Infinite Walk Ep. 005 (Zhangjiajie),Audio/Essay Series,Complete,AI images,Podcast/YouTube,Yes,"Essay, audio, prompts, guide, social",content-creative/episode-005-zhangjiajie/
Infinite Walk Ep. 006 (Antarctica),Audio/Essay Series,Complete,AI images,Podcast/YouTube,Yes,"Essay, audio, prompts, guide, social",content-creative/episode-006-antarctica/
Infinite Walk Ep. 007 (Aurora),Audio/Essay Series,Complete,AI images,Podcast/YouTube,Yes,"Essay, audio, prompts, guide, social",content-creative/episode-007/
Infinite Walk Ep. 008 (Machu Picchu),Audio/Essay Series,Complete,AI images,Podcast/YouTube,Yes,"Essay, audio, prompts, guide, social",content-creative/episode-008-machu-picchu/
Infinite Walk Ep. 009 (Petra),Audio/Essay Series,Complete,AI images,Podcast/YouTube,Yes,"Essay, audio, prompts, guide, social",content-creative/episode-009-petra/
Infinite Walk Ep. 010 (Great Barrier Reef),Audio/Essay Series,Complete,AI images,Podcast/YouTube,Yes,"Essay, audio, prompts, guide, social",content-creative/episode-010-great-barrier-reef/
Infinite Walk Ep. 011 (Sahara),Audio/Essay Series,Complete,AI images,Podcast/YouTube,Yes,"Essay, audio, prompts, guide, social",content-creative/episode-011-sahara/
Lullaby Channel,YouTube/Audio,Complete,None,YouTube,No,"Channel setup, lullaby prompts, monetization, schedule",content-creative/lullaby-channel/
Poetry Studio,Digital Service,Complete,None,Landing page,No,"Generators, pricing, social, website landing",content-creative/poetry-studio/
Virtual Fashion Show,AR/VR Experience,Partial,3D dev,Web/AR,Yes (concept),"Concept, runway, model system, garment display, interactive",content-creative/shelby-virtual-fashion-show/
Compliment Machine,Web App,Complete,None,Static HTML,No,"HTML, CSS, JS, manifest, PWA",platforms-apps/compliment-machine/
AI Comic Studio,Web Platform,Partial,Full-stack dev,React/Next.js,Yes (UI mockups),"Specs, architecture, API docs, UI mockups",platforms-apps/ai-comic-studio/
Audiobook Platform,Service Platform,Complete,None,Static docs,No,"10 workflow docs (manuscript → distribution)",platforms-apps/audiobook-platform/
Meme Generator Platform,Web App,Complete,Deployment,Next.js/Node,No,"Full stack (frontend + backend + docs)",platforms-apps/meme-generator-platform/
Tarot App,Mobile/Web App,Partial,Full-stack dev,React Native/Web,Yes (design specs),"Deliverables, implementation guide, README",platforms-apps/tarot-app/
